,100,200,300,400,500,600,700,800,900,1000,1100,1200,1300,1400,1500,1600,1700,1800,1900,2000,2100,2200,2300
mp-10103,,,,,,,,,,,,,,,,,,,,,,,
mp-1019555,,,,,,,,,,,,,,,,,,,,,,,
mp-1019615,,,,,,,,,,,,,,,,,,,,,,,
mp-1020013,,,,,,,,,,,,,,,,,,,,,,,
mp-1020015,,,,,,,,,,,7.473e-06,1.268e-05,1.702e-05,4.923e-05,,,,,,,,,
mp-1020016,,,,,,,,,,,,1.757e-06,6.589e-06,1.577e-05,,,,,,,,,
mp-1020019,,,,,,,,,,,,,,,,2.511e-06,9.196e-06,1.931e-05,3.434e-05,4.399e-05,6.563e-05,9.935e-05,0.0001022
mp-1020023,,,,,,,,,,,,,,,,,,3.259e-06,5.537e-06,5.853e-06,1.006e-05,2.374e-05,
mp-1020024,,,,,,,,,,,4.076e-06,3.691e-05,,,,,,,,,,,
mp-1020031,,,,,,,,,,,,,,,,,,2.596e-06,,5.786e-06,9.197e-06,1.346e-05,1.674e-05
mp-1020059,,,,,,,,,,,,,,,,,,,,,,,
mp-1020592,,,,,,,,,,,,,,,,,,,,,,,
mp-1020620,,,,,,,,,,,,,3.937e-06,4.66e-06,,,,,,,,,
mp-1020627,,,,,,,,,,,,,,,,,,,,,,,
mp-1020646,,,,,,,,,2.199e-06,5.163e-06,1.145e-05,6.893e-06,2.03e-05,,,,,,,,,,
mp-1020664,,,,,,,,,,,,,,4.842e-06,7.449e-06,,,,,,,,
mp-1029297,,,,,,,,,,,,,,,,,,,1.852e-05,6.474e-06,,,
mp-1029385,,,,,,,,,,,6.306e-06,1.248e-05,2.152e-05,3.122e-05,4.244e-05,5.204e-05,5.876e-05,6.704e-05,7.904e-05,8.583e-05,9.432e-05,9.847e-05,
mp-1029562,,,,,,,,,,,,1.14e-05,,,,,,,,,,,
mp-1029592,,,,,,,,,,,,,4.317e-06,8.419e-06,1.308e-05,2.056e-05,4.49e-05,,,,,,
mp-1029776,,,,,,,,,,2.53e-06,5.997e-06,1.065e-05,1.81e-05,2.817e-05,3.465e-05,5.244e-05,6.521e-05,8.931e-05,0.0001019,,,,
mp-1029903,,,,,,,,,,,,,,,,4.591e-06,,,,,,,
mp-1078799,,,,,,,,,,,,3.859e-06,,,,,,,,,,,
mp-10814,,,,,,,,,,,,,,,,,,,,,,,
mp-10970,,,,,,,,,,,,,,3.358e-06,7.703e-06,7.257e-06,8.871e-06,8.548e-06,7.971e-06,1.397e-05,1.233e-05,2.465e-05,2.949e-05
mp-1103940,,,,,,,,,,,,,,,,,4.858e-06,9.461e-06,1.469e-05,2.317e-05,3.056e-05,3.95e-05,
mp-1104857,,,,,,,,,,,,,,,4.267e-06,2.838e-06,6.092e-06,7.319e-06,1.156e-05,,,,
mp-1106183,,,,,,4.008e-06,,,,,,,,,,,,,,,,,
mp-11175,,,1.761e-05,,,,,,,,,,,,,,,,,,,,
mp-11189,,,,,,,,,,,,,,,1.973e-06,,,,,,,,
mp-1138,,,,,,,,,,,,,,,,,,,,,,,
mp-1153,,,,,,,2.697e-06,2.771e-05,6.11e-05,,,,,,,,,,,,,,
mp-11582,,,,,1.291e-05,5.504e-05,,,,,,,,,,,,,,,,,
mp-11737,,,,,,,,,,,,,,,4.032e-06,,,,,,,,
mp-1185263,,,,,,,2.094e-06,4.38e-06,1.086e-05,1.795e-05,2.834e-05,4.141e-05,7.03e-05,0.0001013,0.0001235,0.0001504,0.0001563,,,,,,
mp-1185319,,,,,,,,,,,,,,,,,,,,,,,
mp-1188344,,,,,,,,,,,,,,,,,,,,,,,
mp-1188392,,,,,,,,,,,,,,,,,,,,,,,
mp-1189383,,,,,,,,,,,,,,,,,,,,,,,
mp-1189974,,,,,,,,,,,,,,,,,,,,,,,
mp-1190809,,,,,,,,3.757e-06,1.315e-05,3.035e-05,4.988e-05,6.64e-05,7.763e-05,9.589e-05,,,,,,,,,
mp-1191141,,,,,,,,,,,,,,,,,,,,,,,
mp-1192391,,,,,,,,,,,,,,,,,,,,,,,
mp-1193222,,,,,,,,,,,,,,,,,,,2.523e-06,2.762e-06,,,
mp-1193269,,,,,,,,,,,,,,5.847e-06,9.688e-06,2.82e-05,4.797e-05,,,,,,
mp-1194339,,,,,,,,,,,,,,,,,,,,,,,
mp-1194726,,,,,,,,,,,,,,,,,,,,,,,
mp-1194965,,,,,,1.762e-06,1.465e-05,8.312e-06,1.369e-05,2.14e-05,3.57e-05,4.164e-05,6.911e-05,8.396e-05,,,,,,,,,
mp-1195718,,,3.632e-06,1.113e-05,2.371e-05,4.566e-05,,,,,,,,,,,,,,,,,
mp-1195868,,,,,,,,,7.436e-06,1.447e-05,2.307e-05,,,,,,,,,,,,
mp-1196169,,,,,,,,,,,1.07e-05,,,,,,,,,,,,
mp-1196457,,,,,,,,,9.106e-06,5.186e-05,,,,,,,,,,,,,
mp-1196828,,,,,,,,,,,,,,,,,,,,,,,
mp-1196988,,,,,,,,,,,,,,,,,,,,,,,
mp-1198049,,,,,,,2.165e-06,,8.65e-06,1.461e-05,2.271e-05,3.082e-05,4.415e-05,,,,,,,,,,
mp-1198780,,,,,,,,,,,,,,,,,,,,,,,
mp-1199122,,,,,,,,,,,,,4.894e-06,,1.354e-05,,,,,,,,
mp-1200209,,,,,,5.936e-06,5.757e-06,1.161e-05,,8.993e-05,3.037e-05,4.091e-05,3.906e-05,5.671e-05,,,,,,,,,
mp-1200439,,,,,,,,,,,,,,3.742e-06,,,,,,,,,
mp-1202424,,,,,,,,,,,3.994e-06,8.098e-06,1.331e-05,2.458e-05,2.213e-05,3.264e-05,2.965e-05,,,,,,
mp-1204402,,,,,,,,,,,,,,,,,,,,,,,
mp-1205739,,,,,,,,,,,,,,,,2.641e-06,6.249e-06,7.525e-06,1.483e-05,6.569e-05,,,
mp-1208619,,,,,,,,,,,,,,,,,,,,,,,
mp-1209478,,,,,,,,,,,,,,,,,,,9.795e-06,1.308e-05,3.41e-05,,
mp-1210797,,,,,,,,,,,,,,,,,,,,,,,
mp-1210804,,,,,,2.316e-06,,,,,,,,,,,,,,,,,
mp-1210935,,,,,,,,,,,,,,,,3.845e-06,6.904e-06,7.74e-06,1.958e-05,2.537e-05,3.284e-05,4.318e-05,5.417e-05
mp-1210989,,,,,,,,,,,,,,,,4.173e-06,4.396e-06,7.007e-06,1.598e-05,2.729e-05,2.484e-05,5.533e-05,6.029e-05
mp-1211142,,,,,,,,,,,,,,,,,,,,,,,
mp-1211168,,,,,,,,,,,,,,,4.179e-06,9.699e-06,1.167e-05,2.146e-05,0.0001305,,,,
mp-1211213,,,,,,,,,,,,,,,2.654e-06,1.824e-06,5.334e-06,6.498e-06,1.495e-05,3.179e-05,3.794e-05,4.929e-05,5.551e-05
mp-1211214,,,,,,,,,,,,,3.88e-06,6.645e-06,5.141e-06,2.271e-05,3.277e-05,,,,,,
mp-1211226,,,,,,,,,,,,,,,,2.805e-06,6.357e-06,7.644e-06,1.501e-05,2.496e-05,3.284e-05,3.454e-05,4.195e-05
mp-1211248,,,,,,,,,,,,,,,,1.632e-06,6.884e-06,2.553e-06,2.262e-05,2.974e-05,2.906e-05,4.967e-05,4.666e-05
mp-1211256,,,,,,,,,,,,,,,,5.274e-06,6.505e-06,1.005e-05,2.05e-05,2.168e-05,3.055e-05,5.24e-05,6.057e-05
mp-1211340,,,,,,,2.892e-06,6.52e-06,9.872e-06,2.028e-05,2.616e-05,3.021e-05,3.692e-05,4.6e-05,6.504e-05,,,,,,,,
mp-1211386,,,,,,,,,,,,,,,2.607e-06,6.422e-06,5.891e-06,9.971e-06,1.727e-05,2.678e-05,2.922e-05,4.032e-05,7.062e-05
mp-1211435,,,,,,,,,,,,,,,,,,,,,,,
mp-1211468,,,,,,,2.624e-06,7.606e-06,1.242e-05,1.94e-05,2.37e-05,3.051e-05,3.901e-05,5.176e-05,6.761e-05,,,,,,,,
mp-1211480,,,,,,,,,,,,,,,,,,,,,,,
mp-1211494,,,,,,,,,,,,2.112e-06,,,,,,,,,,,
mp-1211541,,,,,,,,4.87e-06,8.078e-06,1.33e-05,2.357e-05,3.289e-05,4.011e-05,,,,,,,,,,
mp-1211542,,,,,,,,,,,,,,,,,4.451e-06,7.139e-06,6.312e-06,2.104e-05,3.353e-05,4.711e-05,5.067e-05
mp-1211585,,,,,,,,,,,,,,,,,,,,,,,
mp-1211646,,,,,,,,,,,,,,,,,,7.582e-06,1.186e-05,2.511e-05,2.963e-05,4.353e-05,4.789e-05
mp-1211772,,,,,,,,,,,,,,,,,,,,,,,
mp-1212059,,,,,,,,,,,,,,,,,,,,,,,
mp-1212130,,,,,,,,,,,,,,,,,,,,,,,
mp-1212171,,,,,,,,,,,,,,,,,,,,,,,
mp-1212270,,,,,,,,,,,,,,,,,,,,,,,
mp-1212457,,,,,,,,,,,,,,,,,,1.159e-05,1.1e-05,1.481e-05,2.781e-05,3.934e-05,4.811e-05
mp-1212476,,,,,,,,,,,,,,,,,,,,,,,
mp-1219554,,,,,,,,,,5.288e-06,,,,,,,,,,,,,
mp-1222297,,,,,,,,,,,,,,5.548e-06,7.377e-06,1.298e-05,,,,,,,
mp-1222299,,,,,,,,,,,,,,,,,,,,,,,
mp-1222492,,,,,5.11e-06,1.172e-05,1.888e-05,3.475e-05,4.568e-05,6.488e-05,,,,,,,,,,,,,
mp-1222525,,,,,,,,,,,,,,,2.088e-06,,,,6.663e-06,1.143e-05,5.051e-05,,
mp-1222661,,,,,,,2.392e-06,,,,,,,,,,,,,,,,
mp-1222711,,,,,,,,,,,,,,3.478e-06,8.608e-06,8.622e-06,1.575e-05,1.651e-05,3.268e-05,3.902e-05,5.108e-05,6.561e-05,
mp-1223032,,,1.294e-05,,,,,,,,,,,,,,,,,,,,
mp-1225887,,,,,,,,,,,,,,,,,,,,,,,
mp-12403,,,,,,,,,,,,,,,,,,,,,,,
mp-12645,,,,,,,,,,1.812e-06,,2.234e-06,3.994e-06,3.412e-06,2.155e-06,6.074e-06,9.106e-06,1.696e-05,1.733e-05,2.112e-05,2.63e-05,2.648e-05,3.527e-05
mp-12829,,,,,,,,,,,,,,,,,,,,,,,
mp-13725,,,,,,,,,,,,,,,3.619e-06,6.257e-06,,,,,,,
mp-13772,,,,,,,,,,,,,,,,,,,2.232e-06,3.806e-06,5.425e-06,1.319e-05,1.352e-05
mp-14023,,,,,,,,,,,,,,,,,,,,,,,
mp-14364,,,,,,,,,,,,,,,,,,,,,,,
mp-14484,,,,,,,,,,,,,,,,,,,,,,,
mp-14495,,,,,,,,,,3.241e-06,6.204e-06,,,,,,,,,,,,
mp-14646,,,,,,,,8.366e-06,2.32e-05,4.736e-05,5.273e-05,,,,,,,,,,,,
mp-15349,,,,,,,,,,,,,,,,,,2.747e-06,,,,,
mp-1540429,,,,,,,,1.189e-05,,,,,,,,,,,,,,,
mp-15558,,,,,,,,3.353e-06,4.723e-06,1.106e-05,1.466e-05,2.479e-05,2.991e-05,3.914e-05,4.878e-05,5.904e-05,,,,,,,
mp-15791,,,,,,,,,,,,,,,7.273e-06,7.251e-06,1.399e-05,1.86e-05,2.817e-05,,,,
mp-15960,,,,,,,,,,,,,9.369e-06,1.892e-05,3.335e-05,4.669e-05,5.752e-05,6.835e-05,8.831e-05,,,,
mp-16828,,,,,,,,,,,1.835e-06,2.796e-06,5.231e-06,1.467e-05,2.215e-05,3.265e-05,,,,,,,
mp-17208,,,,,,,,,,,,,2.975e-06,6.173e-06,1.337e-05,2.028e-05,2.911e-05,3.707e-05,4.842e-05,,,,
mp-17240,,,,,,,,,,,,,,,,,,,,,,,
mp-17288,,,,,,,,,,,,,,,,3.617e-06,4.962e-06,,,,,,
mp-17718,,,,,,,,,,,,,,,,,,,,,,,
mp-17774,,,,,,,,,,,,,,,,,2.001e-06,2.196e-06,5.844e-06,,,,
mp-17854,,,,,,,,,,,,,,,,,3.439e-06,3.288e-06,6.015e-06,8.915e-06,1.435e-05,,
mp-18002,,,,,,,,,,,,,,,,,4.441e-06,7.475e-06,,,,,
mp-18048,,,,,,,,,,,,2.915e-06,,,,,,,,,,,
mp-18220,,,,,,,,,,,,,,,,,,,1.434e-05,6.375e-06,6.633e-06,1.995e-05,2.17e-05
mp-18704,,,,,,,,,,,,,,,,,,,,,,,
mp-1960,,,,,,,,,,,,,4.803e-06,2.231e-05,3.604e-05,6.126e-05,8.068e-05,,,,,,
mp-19896,,,,,3.832e-06,,,,,,,,,,,,,,,,,,
mp-21332,,,,,,,,,,,,,,,1.721e-06,3.014e-06,4.899e-06,6.757e-06,,,,,
mp-2286,,,,,,,2.034e-06,2.457e-05,5.851e-05,,,,,,,,,,,,,,
mp-22983,,,,,5.069e-06,3.254e-05,,,,,,,,,,,,,,,,,
mp-23384,,,,,,,,,,,,,,,,,,,,,,,
mp-23626,,,,,,,,,,,,,,,,,,,,,,,
mp-23648,,,,,,,,,,,,,,,2.193e-06,7.702e-06,1.935e-05,0.0001005,4.547e-05,0.0001624,0.0001684,0.0002063,0.0002078
mp-2530,,,,,,2.003e-05,5.63e-05,8.255e-05,,,,,,,,,,,,,,,
mp-2659,,,,,,,,,,,,,,,,,,,,,,,
mp-27275,,,,,,,,,,2.089e-06,9.346e-06,,,,,,,,,,,,
mp-27419,,,,,,,,,,,,,,,,,,,,,,,
mp-27487,,,,,,,,,,3.645e-06,5.83e-06,1.217e-05,1.743e-05,2.901e-05,3.976e-05,4.406e-05,5.206e-05,7.611e-05,7.486e-05,8.94e-05,0.000101,0.0001099,0.0001165
mp-27811,,,,,,,,,,,,,,,,,,,,,,,
mp-28030,,,,,,,,,,,,,,,,,,,2.081e-06,4.224e-06,8.592e-06,1.552e-05,2.382e-05
mp-28327,,,,3.741e-06,,,,,,,,,,,,,,,,,,,
mp-28341,,,,,1.733e-05,3.069e-05,,,,,,,,,,,,,,,,,
mp-28450,,,,,,,,,1.195e-05,1.894e-05,2.875e-05,,,,,,,,,,,,
mp-28471,,,5.5e-06,,,,,,,,,,,,,,,,,,,,
mp-28510,,,,,,,,3.532e-06,1.117e-05,,,,,,,,,,,,,,
mp-28567,,,,,,,,,,,,,,,,,,,,,,,
mp-28603,,,,,,,,,,,,,,,,,,,,,,,
mp-28623,,,,,,,,,,,,,,,,,,,,3.785e-06,,,
mp-29025,,,,,,,9.217e-06,,,,,,,,,,,,,,,,
mp-29040,,,,,,,,,,,,,,,,,,,,,,,
mp-29195,,,,,,,,,,,,2.341e-05,6.712e-05,,,,,,,,,,
mp-29344,,,,,5.641e-06,,,,,,,,,,,,,,,,,,
mp-29345,,,,,,,,,,,,,,,,,,,,,,,
mp-29364,,,,,,,,,,,,,,,,,2.43e-06,2.244e-06,9.442e-06,,,,
mp-29410,,,,3.324e-06,,,,,,,,,,,,,,,,,,,
mp-29463,,,,,,,,,,,,,,,,,,,,,,,
mp-30249,,,,1.488e-05,3.214e-05,,,,,,,,,,,,,,,,,,
mp-30301,,,,,,,,,,,,,,,,,,,,,,,
mp-3054,,,,,,,,,1.964e-06,9.09e-06,,,,,,,,,,,,,
mp-31488,,,,,,,,,,,,,,,,,,,,,,,
mp-3297,,,,,,,,,,,,2.666e-06,8.242e-06,,,,,,,,,,
mp-3427,,,,,,,,,,,,,,,,,,,2.254e-06,3.148e-06,3.251e-06,6.375e-06,6.906e-06
mp-3524,,,,,,,,,,,,,,,,,,,,,,,
mp-3540,,,,,,,,,,,,,,,,,1.707e-06,2.604e-06,5.246e-06,6.75e-06,1.301e-05,9.532e-06,2.165e-05
mp-3635,,,,,,,,,,,,,3.152e-06,,,,,,,,,,
mp-3647,,,,,,3.707e-06,1.534e-05,,,,,,,,,,,,,,,,
mp-3700,,,,,,,,,,,,,,,,,,,,,,,
mp-3731,,,,,,,,,,,,,,,,,,,,1.84e-06,3.034e-06,1.086e-06,4.734e-06
mp-37906,,,,,,,,,,,,,,,,,,,,,,,
mp-3980,,,,,,,,,,,,,,,4.293e-06,,,,,,,,
mp-4002,,,,,,,,,,,,,,,,,,,,,,,
mp-4117,,,,,,,,,,,,,2.804e-06,2.209e-06,6.473e-06,1.625e-05,3.57e-05,5.122e-05,6.27e-05,8.71e-05,0.0001045,,
mp-4156,,,,,,,,,,,,,,,,,,,,,,,
mp-4426,,,,,,,,,,,,,,,,,,,,,,,
mp-4495,,,,,,,,,,,,,,,,,,,,,,,
mp-4527,,,,,,,,,,,,,,,1.227e-05,,,4.83e-05,,,8.815e-05,,
mp-4558,,,,,,,,,,,,,8.054e-06,1.355e-05,3.4e-05,5.153e-05,6.271e-05,7.526e-05,8.823e-05,9.571e-05,,,
mp-4586,,,2.299e-05,4.209e-05,,,,,,,,,,,,,,,,,,,
mp-4657,,,,,,,,,,,,,1.446e-05,2.676e-05,4.045e-05,5.423e-05,6.421e-05,,,,,,
mp-4779,,,,,,,,,,,,,,,4.54e-06,4.815e-06,8.421e-06,4.042e-05,,,,,
mp-4804,,,,,,,,,,,,,,,,,,,,,1.2e-06,5.084e-06,5.868e-06
mp-4855,,,,,,,,,,,,,,,,,,,,,,,
mp-4995,,,,,,,,,,,,,,,,1.592e-06,3.91e-06,2.942e-06,3.957e-06,9.898e-06,1.267e-05,1.89e-05,1.912e-05
mp-5012,,,,,,,,,,,,,,,,,,2.97e-06,2.454e-06,8.046e-06,1.596e-05,1.77e-05,3.218e-05
mp-504806,,,,,,,,,,,,3.128e-06,1.2e-05,1.767e-05,3.052e-05,,,,,,,,
mp-504849,,,,,,,,,,,,,,,,,,,,,,,
mp-532413,,4.108e-06,1.202e-05,1.989e-05,3.898e-05,5.996e-05,,,,,,,,,,,,,,,,,
mp-540945,,,,,,,,,,,,,,,,,,,,,,,
mp-541001,,,6.654e-06,,,,,,,,,,,,,,,,,,,,
mp-541568,,,,,,,,,,,,,,,3.988e-06,8.461e-06,1.181e-05,,,,,,
mp-542435,,,,,,,,,,,,,3.412e-06,7.123e-06,1.146e-05,2.244e-05,2.553e-05,3.993e-05,4.532e-05,9.689e-05,,,
mp-543044,,,,,,,,,,,,,,,,,,,,,,,
mp-551092,,,,,,,,,,,,,,,,,,,,,,,
mp-553962,,,,,,,,,,,,,,,,,,,,,,,
mp-554076,,,,,,,,,,,,,,,,,,,,,,,
mp-554203,,,,,,,,,,,,,2.953e-06,4.486e-06,6.887e-06,1.503e-05,1.844e-05,2.864e-05,,,,,
mp-554560,,,,,,,,,,,,,,4.183e-06,3.214e-06,1.179e-05,2.519e-05,3.619e-05,,,,,
mp-554752,,,,,,3.563e-06,,6.053e-06,6.064e-06,,,,,,3.175e-06,6.071e-06,1.273e-05,,,,,,
mp-555082,,,,,,,,,,4.644e-06,1.518e-05,,,,,,,,,,,,
mp-555089,,,,,,,,,,,,,,,,,,,,,,,
mp-555140,,,,,,,,,,,,,,,,,,,4.831e-06,7.791e-06,1.285e-05,,
mp-555186,,,,,,3.563e-06,1.579e-05,,,,,,,,,,,,,,,,
mp-556649,,,,,,,,,,,,,,,6.458e-06,,,3.291e-05,,,,,
mp-556655,,,,,,,,,,,,,3.067e-06,4.839e-06,9.858e-06,1.468e-05,3.05e-05,7.352e-05,,,,,
mp-556902,,,,,,,,,,,,,,,,7.721e-06,1.203e-05,,,,,,
mp-557012,,,,,,,,,,,,3.439e-06,5.809e-06,5.406e-06,1.692e-05,1.761e-05,,,,,,,
mp-557104,,,,,,,,,,,,,2.142e-06,5.405e-06,1.401e-05,1.859e-05,1.681e-05,4.274e-05,,,,,
mp-557112,,,,,,,,,,,,,,,3.644e-06,1.403e-05,1.85e-05,3.706e-05,4.741e-05,,,,
mp-557268,,,,,,,,,,,,,1.133e-06,,6.009e-06,6.81e-06,,,,,,,
mp-557293,,,,,,,,,,,,,,,,,,,,,,,
mp-557456,,,,,,,,,,,,,,,2.902e-06,2.988e-06,6.48e-06,1.998e-05,3.555e-05,,,,
mp-557632,,,,,,,,,,,,,,,,,,,,,,,
mp-558102,,,,,,,,,,,,,,,,,2.807e-06,2.953e-05,,,,,
mp-558310,,,,,,,,,,,,,,,,,,,,,,,
mp-558455,,,,,,,,,,,,,,,,,,,,,,,
mp-558628,,,,,,,,,,,,,,,,,,,,,,,
mp-558941,,,,,,,,,,,,,,,,,,,1.668e-06,1.653e-06,4.653e-06,,6.633e-06
mp-558943,,,,,,,,,2.014e-06,1.387e-05,1.969e-05,3.951e-05,5.86e-05,8.047e-05,8.914e-05,,,,,,,,
mp-559129,,,,,,,,,,,,,,,,,,,,,,,
mp-559238,,,,,,,,,,,,,,,,,,,,,,,
mp-559533,,,,,,,,,,,,,,,,,,,,,,,
mp-559706,,,,,,,,,,2.617e-06,5.951e-06,1.423e-05,,,,,,,,,,,
mp-559814,,,1.833e-06,,,,,,,,,,,,,,,,,,,,
mp-559904,,,,,,,,,,,,,,,,,,,,,,,
mp-559934,,,,,,,,,,5.791e-06,,,,,,,,,,,,,
mp-560072,,,,,,,,,,,,,,5.702e-06,1.016e-05,1.799e-05,,,,,,,
mp-560189,,,,,,,,,,,,,,,,,,,,,,,
mp-560518,,,,,,,,,,,,,,,,,,,,,,,
mp-560653,,,,,,,,,,,,,,,,,,,,,,,
mp-560739,,,,,,,,,,,,,,,,,,,,,,,
mp-560894,,,,,,,,,,,,,,2.895e-06,7.53e-06,1.415e-05,1.758e-05,3.408e-05,,,,,
mp-561237,,,,,,,,,,,,,,,,,,,,,,,
mp-561254,,,,,,,,,,,,3.086e-06,,,,,,,,,,,
mp-561430,,,,,,,,,,,,,,,,,,,,,,,
mp-561474,,,,,,,,,,,,,,,,,,,,,,,
mp-5614,,,,,,,,,,,,,,,,,,,,,,,
mp-567219,,,,,,,,,,,,,,,,,,,,,,,
mp-567371,,,,,,,,,,,,,,,1.705e-06,,,,,,,,
mp-567967,,,7.569e-06,,,,,,,,,,,,,,,,,,,,
mp-569782,,,,,,,,4.417e-06,4.24e-06,9.062e-06,1.639e-05,2.331e-05,3.001e-05,,,,,,,,,,
mp-570935,,,,,,,,,,,,,,,,,,,,,,,
mp-570948,,,,,,,,,,,,,,,,,,3.461e-06,6.274e-06,1.522e-05,,,
mp-573030,,,,,,,,,,,,,,,,,,,,,,,
mp-5769,,,,,,,,,,,,,,,,,,,2.196e-06,2.989e-06,3.013e-06,8.633e-06,9.322e-06
mp-5840,,,,,,,,,,,,,,,,,,,,,,,
mp-5853,,,,,,,,,,,,,,,,,,,,,,,
mp-5854,,,,,,,,,,,,,,,,,,,,,,,
mp-6015,,,,,,,,,,,,,,,1.937e-06,7.481e-06,1.587e-05,1.685e-05,2.399e-05,3.26e-05,4.77e-05,5.557e-05,7.794e-05
mp-6031,,,,,,,,,,,3.228e-06,7.315e-06,1.593e-05,2.955e-05,4.271e-05,5.531e-05,7.276e-05,8.846e-05,0.0001096,0.0001222,0.0001738,,
mp-607931,,,,,,,,,,,,,,,,,,,,,,,
mp-6126,,,,,,,,,,,,,,,,,,,,,,,
mp-6134,,,,,,,,,,,,,,,3.388e-05,,,,,,,,
mp-6211,,,,,,,,,,,,,,,,,,,,,,,
mp-6425,,,,,,,,4.475e-06,8.835e-06,1.825e-05,3.019e-05,4.096e-05,4.879e-05,,,,,,,,,,
mp-6456,,,,,,,,,,,,4.019e-06,,7.619e-06,1.418e-05,6.956e-05,4.291e-05,,,,,,
mp-6499,,,,,,,,,,,,,,,,,,,,,2.621e-06,1.627e-06,2.674e-06
mp-6591,,,,,,,,,,,,,,,,,,,,,,,
mp-6711,,,,,,,,,,,,,,,,,,,,,,,
mp-676109,,,,,6.583e-06,1.341e-05,,,,,,,,,,,,,,,,,
mp-676361,,,,,,1.432e-06,8.221e-06,1.457e-05,2.145e-05,3.311e-05,4.527e-05,,,,,,,,,,,,
mp-6765,,,,,,,,,,,,,,,,,2.309e-06,1.902e-06,2.677e-06,1.484e-05,1.576e-05,,
mp-677627,,,,,,,,,,,,,,1.703e-06,8.269e-06,5.184e-06,4.493e-06,1.914e-05,2.514e-05,1.88e-05,3.149e-05,3.746e-05,6.683e-05
mp-6800,,,,,,,,,,,,,,,,,,,,,,,
mp-684024,,,,,,,4.118e-06,6.281e-06,1.024e-05,1.642e-05,2.187e-05,2.928e-05,3.212e-05,4.153e-05,5.167e-05,5.562e-05,6.794e-05,7.793e-05,8.803e-05,0.0001035,0.0001059,0.0001172,0.0001299
mp-686208,,,,,,,,,2.498e-06,7.864e-06,1.326e-05,2.304e-05,3.356e-05,4.343e-05,5.518e-05,6.563e-05,7.526e-05,8.364e-05,9.368e-05,0.0001075,,,
mp-7020,,,,,,,,,,,,,3.444e-06,6.513e-06,6.865e-06,6.972e-06,1.122e-05,1.696e-05,2.156e-05,2.689e-05,2.972e-05,3.823e-05,
mp-7137,,,,,,,,,,,,,,,,2.889e-06,6.026e-06,8.498e-06,1.285e-05,1.389e-05,3.982e-05,,
mp-7205,,,,,,,,,,,,,,,,,,,1.574e-06,,4.002e-06,4.12e-06,2.987e-06
mp-754237,,,,,,,,,,,,,,,,,,5.508e-06,7.167e-06,9.661e-06,7.72e-06,9.56e-06,1.357e-05
mp-754605,,,,,,,,,,,,,,,,,,2.454e-06,,4.668e-06,3.655e-06,1.024e-05,9.46e-06
mp-756316,,,,,,,,,,,,,,,,,,,,,,,
mp-7594,,,,,,,,,,,,,,,,,,,,,,,
mp-759900,,,,,,,,,,,,,,,,,,,,,,,
mp-7611,,,,,,,,,,,,,,,,,,,,,,,
mp-768820,,,,,,,,2.396e-06,6.471e-06,2.961e-05,,,,,,,,,,,,,
mp-769319,,,,,,,,,2.147e-06,,2.047e-06,7.491e-06,1.685e-05,1.938e-05,2.994e-05,3.067e-05,4.411e-05,,,,,,
mp-7714,,,,,,,,,,,,,,,,,,,,,,,
mp-774907,,,,,,,,,,,,,,,,,,,,,,,
mp-7791,,,,,,,,,,,,,,2.454e-06,4.33e-06,1.685e-05,2.975e-05,3.671e-05,5.439e-05,,,,
mp-7941,,,,,,,,,,,,,,,,,,,,,,,
mp-8070,,,,,,,,,,,,,,,,,,,,,,,
mp-8180,,,,,,,,,,,,,,,,,,,,,,,
mp-8184,,,,,,,,,,,,,,,,,,,,,,,
mp-8313,,,,,,,,,,,,,,,,,,,,,,,
mp-8430,,,,,,,,,,,,,,,,,,,,,,,
mp-8449,,,,,,,,,,,,,,,,2.53e-06,,,,,,,
mp-8450,,,,,,,,,,,,,,,,,,,,,,,
mp-8609,,,,,,,,,,,,,,,4.089e-05,,,,,,,,
mp-8673,,,,,,,,,,,,,3.938e-06,6.88e-06,4.879e-06,9.53e-06,1.331e-05,2.245e-05,3.937e-05,2.858e-05,4.196e-05,4.817e-05,
mp-8702,,,,,,,,,,,,,,,2.591e-06,5.145e-06,,,,,,,
mp-8751,,,,,,,,,,,,,,,,,,,,,,,
mp-8754,,,,,,,,,,,,,,,,,,,,,,,
mp-8756,,,,,,,,,,,,,,,,,,,,,,,
mp-8873,,,,,,,,,,,,,,1.833e-06,5.742e-06,6.565e-06,1.739e-05,2.451e-05,,,,,
mp-8892,,,,,,,,,,,,,,,,,,,,,,,
mp-9066,,,,,,,,,,,,,,,,,,,,,,,
mp-9143,,,,,,,,,,,7.386e-06,,,,,,,,,,,,
mp-9144,,,,,,,,,,,,,8.102e-06,,,,,,,,,,
mp-9197,,,,,,,,,,,,,,,,6.244e-06,4.137e-05,,,,,,
mp-9250,,,,,,,,,,,,2.006e-06,4.758e-06,,,,,,,,,,
mp-9308,,,,,,,,,4.301e-06,8.456e-06,1.317e-05,2.114e-05,2.744e-05,,,,,,,,,,
mp-9607,,,,,,,,,,5.383e-06,1.411e-05,1.616e-05,1.935e-05,2.586e-05,3.222e-05,4.115e-05,,5.789e-05,5.498e-05,,8.09e-05,,9.148e-05
mp-9610,,,,,,,,,,,,,,,,,,,,,,,
mp-9657,,,,,,,,,,,,,,,3.556e-06,5.536e-06,2.78e-06,5.51e-06,8.224e-06,1.708e-05,2.074e-05,2.664e-05,3.753e-05
mp-976280,,,,,,,,,,,,,,,,,,,,,,,
mp-976726,,,,,,,,,,,,,,,2.813e-06,1.49e-06,3.556e-06,4.494e-06,1.375e-05,7.255e-06,8.872e-06,,
mp-978840,,,,,,,,,,,,,,,2.16e-06,8.605e-06,5.71e-06,,,,,,
mp-985583,,,,,,,,,,,,,,,,,,,,,,,
mp-1001069,,8.144e-06,,,,,,,,,,,,,,,,,,,,,
mp-1019547,,,,,,,,,,,,,,,,,,,,,,,
mp-1019607,,,,,,,,,,,,,,3.304e-06,,,,,,,,,
mp-1020009,,,,,,,,,,,,,,,,9.528e-06,3.098e-06,,,,,,
mp-1020012,,,,,,,2.15e-06,,3.915e-06,7.216e-06,9.63e-06,1.221e-05,1.545e-05,2.271e-05,2.755e-05,2.736e-05,5.407e-05,6.982e-05,8.214e-05,8.666e-05,,,
mp-1020018,,,,,,2.695e-06,9.266e-06,2.785e-05,3.774e-05,7.245e-05,8.171e-05,,,,,,,,,,,,
mp-1020022,,,,,,,2.709e-06,2.912e-06,6.706e-06,1.11e-05,2.143e-05,3.6e-05,4.103e-05,5.1e-05,6.465e-05,7.752e-05,9.587e-05,0.0001037,0.0001119,0.0001397,,,
mp-1020025,,,,,,,,,,,,,,,,2.683e-06,1.256e-05,2.142e-06,1.099e-05,8.913e-06,,8.695e-06,1.474e-05
mp-1020026,,,,,,,,,,,,,,,,1.642e-06,9.074e-06,,,,,,
mp-1020027,,,,,,,,2.347e-06,5.048e-06,2.479e-05,4.135e-05,,,,,,,,,,,,
mp-1020057,,,,,,,,,,,,,,,,,,,,,,,
mp-1020107,,,,,,,,,,,,,,,,,,,,,,,
mp-1020108,,,,,,,,,,,,,,,,,,3.779e-06,,,,,
mp-1020163,,,,,,,,,,,,,,,,3.57e-06,3.303e-06,,,,,,
mp-10250,,,,,,,,,,,,,,,,,,,,,,,
mp-1040450,,,1.151e-05,2.359e-05,4.595e-05,,,,,,,,,,,,,,,,,,
mp-1040451,,6.204e-06,1.139e-05,2.505e-05,4.599e-05,,,,,,,,,,,,,,,,,,
mp-1078377,,,,,,,,,,,,,,,4.866e-06,,,3.419e-05,,,,,
mp-1080534,,,,,5.675e-06,,,,,,,,,,,,,,,,,,
mp-1095674,,,,,,,2.963e-06,1.641e-05,,,,,,,,,,,,,,,
mp-1097034,,,1.148e-05,,,,,,,,,,,,,,,,,,,,
mp-1097035,,3.064e-06,1.177e-05,3.015e-05,5.364e-05,,,,,,,,,,,,,,,,,,
mp-1097036,,1.594e-06,,,,,,,,,,,,,,,,,,,,,
mp-1101536,,,,,,,,,,,,,,,,,,,,,,,
mp-1102318,,,,,,,,,,,,3.01e-06,,,,,,,,,,,
mp-1103949,,,,,,9.311e-06,5.539e-05,7.52e-05,,,,,,,,,,,,,,,
mp-1104386,,,,,,,,,,,,,,3.927e-06,6.593e-06,1.113e-05,2.244e-05,2.844e-05,5.155e-05,5.562e-05,7.428e-05,0.0001555,0.0001383
mp-1120720,,,,3.72e-06,1.026e-05,2.562e-05,3.856e-05,8.165e-05,,,,,,,,,,,,,,,
mp-1147554,,,,,,,,,,,,,,,,,,2.356e-05,,,,,
mp-1147591,,,,,,,,,,,,,,,,,,,,,,,
mp-1147592,,7.618e-06,,,,,,,,,,,,,,,,,,,,,
mp-1147593,,1.167e-05,,,,,,,,,,,,,,,,,,,,,
mp-1147594,,7.419e-06,,,,,,,,,,,,,,,,,,,,,
mp-1147596,,9.836e-06,,,,,,,,,,,,,,,,,,,,,
mp-1147598,,4.29e-06,2.22e-05,3.627e-05,8.235e-05,,,,,,,,,,,,,,,,,,
mp-1147600,,8.89e-06,,,,,,,,,,,,,,,,,,,,,
mp-1147603,,9.868e-06,,,,,,,,,,,,,,,,,,,,,
mp-1147604,,6.865e-06,,,,,,,,,,,,,,,,,,,,,
mp-1147605,,6.174e-06,,,,,,,,,,,,,,,,,,,,,
mp-1147606,,9.614e-06,,,,,,,,,,,,,,,,,,,,,
mp-1147609,,1.015e-05,,,,,,,,,,,,,,,,,,,,,
mp-1147610,,8.605e-06,,,,,,,,,,,,,,,,,,,,,
mp-1147611,,5.365e-06,,,,,,,,,,,,,,,,,,,,,
mp-1147613,,9.099e-06,,,,,,,,,,,,,,,,,,,,,
mp-1147614,,6.953e-06,,,,,,,,,,,,,,,,,,,,,
mp-1147616,,5.328e-06,,,,,,,,,,,,,,,,,,,,,
mp-1147617,,9.716e-06,,,,,,,,,,,,,,,,,,,,,
mp-1147619,,,,7.019e-06,1.227e-05,2.706e-05,4.219e-05,6.048e-05,8.659e-05,0.0001317,0.0001523,,,,,,,,,,,,
mp-1147621,,,,,3.8e-06,7.26e-06,1.464e-05,2.896e-05,,,,,,,,,,,,,,,
mp-1147627,1.548e-06,7.667e-06,,,,,,,,,,,,,,,,,,,,,
mp-1147630,,7.981e-06,,,,,,,,,,,,,,,,,,,,,
mp-1147634,,8.383e-06,,,,,,,,,,,,,,,,,,,,,
mp-1147681,,7.393e-06,,,,,,,,,,,,,,,,,,,,,
mp-1147684,,3.245e-06,,,,,,,,,,,,,,,,,,,,,
mp-1147685,,2.429e-06,,,,,,,,,,,,,,,,,,,,,
mp-1147686,,5.259e-06,,,,,,,,,,,,,,,,,,,,,
mp-1147687,,6.525e-06,,,,,,,,,,,,,,,,,,,,,
mp-1147692,,5.964e-06,,,,,,,,,,,,,,,,,,,,,
mp-1147693,,8.27e-06,,,,,,,,,,,,,,,,,,,,,
mp-1147694,,4.739e-06,,,,,,,,,,,,,,,,,,,,,
mp-1147695,,5.456e-06,,,,,,,,,,,,,,,,,,,,,
mp-1147696,,5.733e-06,,,,,,,,,,,,,,,,,,,,,
mp-1147697,,,,,,,,,,,,,,,,,,,,,,,
mp-1147698,,5.689e-06,,,,,,,,,,,,,,,,,,,,,
mp-1147721,,6.79e-06,,,,,,,,,,,,,,,,,,,,,
mp-1147723,,7.363e-06,,,,,,,,,,,,,,,,,,,,,
mp-1147724,,8.597e-06,,,,,,,,,,,,,,,,,,,,,
mp-1147725,,5.156e-06,,,,,,,,,,,,,,,,,,,,,
mp-1147726,,5.071e-06,,,,,,,,,,,,,,,,,,,,,
mp-1147727,,,,,,,,,,,,,,,,,,,,,,,
mp-1147728,,6.856e-06,,,,,,,,,,,,,,,,,,,,,
mp-1147729,,6.915e-06,,,,,,,,,,,,,,,,,,,,,
mp-1147732,,,,,,,,,,,,,,,,,,,,,,,
mp-1147733,,,,,,,,,,,,,,,,,,,,,,,
mp-1147734,,6.572e-06,,,,,,,,,,,,,,,,,,,,,
mp-1147735,,7.759e-06,,,,,,,,,,,,,,,,,,,,,
mp-1147737,,6.015e-06,,,,,,,,,,,,,,,,,,,,,
mp-1147738,,7.536e-06,,,,,,,,,,,,,,,,,,,,,
mp-1147741,,9.583e-06,,,,,,,,,,,,,,,,,,,,,
mp-1176675,,,,,,,,,,,,,,,2.236e-06,,,,,5.793e-06,7.993e-06,6.278e-06,9.267e-06
mp-1177146,,,,,,,,,6.536e-06,,,,,,,,,,,,,,
mp-1177520,,,,,,,,,,,,,,,,,,,,,,,
mp-1177866,,,,,,,1.531e-05,2.584e-05,,,,,,,,,,,,,,,
mp-1178142,,,,,,,,,,,,,,,,,,,,,,,
mp-1178166,,,,,,,,,,,,,,,,,,,,,,,
mp-1181918,,,,,,,,,,,,,,,,,,,,,,,
mp-1184020,,,,5.515e-06,4.147e-05,,,,,,,,,,,,,,,,,,
mp-1185301,,,,,,,,,,,3.852e-06,,,,,,,,,,,,
mp-1188485,,,,,,,,,,,3.24e-06,,,,,,,,,,,,
mp-1188861,,,,,,,1.882e-06,6.189e-05,,,,,,,,,,,,,,,
mp-1189357,,,,,5.67e-06,,,,,,,,,,,,,,,,,,
mp-1190087,,,,,5.222e-06,,,,,,,,,,,,,,,,,,
mp-1190441,,,,,,,,,,,,,,,,,,,,,,,
mp-1190687,,,,,,,,,,4.122e-05,8.024e-05,,,,,,,,,,,,
mp-1191476,,,,,1.2e-05,,,,,,,,,,,,,,,,,,
mp-1191903,,,,,,,,,,,,,,,,,,,,,,,
mp-1192295,,,,,,,,,,8.602e-06,1.38e-05,2.399e-05,3.015e-05,3.991e-05,5.554e-05,6.237e-05,8.198e-05,,,,,,
mp-1195055,,,,,,,,3.415e-06,4.884e-06,9.826e-06,1.349e-05,,,,,,,,,,,,
mp-1195827,,,,,,,,,,,,,,,,,,,,,,,
mp-1196153,,,,,,,,,,,5.363e-06,,,,,,,,,,,,
mp-1196213,,,,,,,,,2.012e-06,5.378e-06,7.055e-06,1.875e-05,2.531e-05,4.271e-05,4.884e-05,6.104e-05,8.913e-05,,,,,,
mp-1197163,,,,,,,,,,,,,,,2.788e-06,,,2.09e-06,4.658e-05,5.95e-05,,,
mp-1198519,,,,,,,,,,,,7.282e-07,,,7.956e-06,,,,,,,,
mp-1199446,,,,,,,,,,,,,,,,,,,,,,,
mp-1200615,,,,,,,,,,1.375e-05,1.982e-05,,,,,,,,,,,,
mp-1202217,,,,,,,,,,,,,,,,,,,,,,,
mp-1202801,,,,,,,4.282e-06,9.129e-06,1.234e-05,1.785e-05,3.023e-05,3.473e-05,5.252e-05,6.937e-05,,,,,,,,,
mp-1203004,,,,,,,,,,,,,,,,4.661e-06,6.861e-06,7.402e-06,1.222e-05,1.954e-05,,,
mp-1208633,,,,,,,,,,,,,,,,,,,,,,,
mp-1209980,,,,,,,,,,,2.244e-05,,,,,,,,,,,,
mp-1210835,,,,,,,,,1.231e-05,8.089e-05,9.934e-05,,,,,,,,,,,,
mp-1210869,,,,,,,,,,,,,6.226e-06,4.119e-06,1.14e-05,1.043e-05,1.723e-05,3.901e-05,3.915e-05,4.125e-05,5.583e-05,6.434e-05,6.431e-05
mp-1210934,,,,,,,,,,,5.512e-06,1.168e-05,8.619e-06,1.178e-05,,,,,,,,,
mp-1211012,,,,,,,,,,,,,,,,2.551e-06,,1.388e-06,3.309e-06,,1.803e-05,1.31e-05,8.623e-05
mp-1211286,,,,,,,,,,,,,,,,,,,,3.956e-06,4.92e-06,9.279e-06,6.776e-05
mp-1211324,,,7.298e-06,1.834e-05,3.226e-05,,,,,,,,,,,,,,,,,,
mp-1211607,,,,,,,,,,,,,,,,,,,3.967e-06,1.269e-05,1.013e-05,1.09e-05,6.508e-05
mp-1222350,,,,,,,,,,4.473e-06,5.416e-06,1.023e-05,1.073e-05,7.111e-06,,,,,,,,,
mp-1222354,,,,,,,,,,,,,,,,,,,,,,,
mp-1222376,,,,,,,,,,,,,,,,1.021e-05,3.091e-05,,,,,,
mp-1222444,,,,,,,,6.95e-06,1.783e-05,1.849e-05,1.68e-05,4.172e-05,7.011e-05,6.844e-05,8.806e-05,0.0001093,0.0001272,,0.0002216,0.0002137,0.0002216,0.0002765,0.0003082
mp-1222478,,,,,,,,,,,,3.749e-06,4.944e-05,7.267e-05,,,,,,,,,
mp-1222486,,,,,,,,,,,,,2.189e-06,3.236e-06,7.943e-06,1.02e-05,1.824e-05,2.786e-05,3.945e-05,4.562e-05,,,
mp-1222529,,,,1.308e-05,2.74e-05,5.123e-05,8.061e-05,9.978e-05,,,,,,,,,,,,,,,
mp-1222533,,,,,,,,,,,1.773e-06,1.07e-05,1.863e-05,3.455e-05,6.402e-05,0.0001142,0.0001308,,,,,,
mp-1222552,,,,,,2.188e-06,2.913e-06,4.519e-06,7.024e-06,1.182e-05,1.534e-05,3.732e-05,2.42e-05,2.88e-05,,,,,,,,,
mp-1222553,,,,,,2.812e-06,4.172e-06,9.684e-06,1.453e-05,2.113e-05,4.103e-05,5.255e-05,6.377e-05,7.665e-05,8.895e-05,0.0001151,0.0001226,0.0001628,0.000194,0.0002007,,0.0002114,0.0002643
mp-1222561,,,,,,,,,,,,,,,3.697e-06,5.271e-06,9.818e-06,,,,,,
mp-1222565,,,,,,7.053e-06,1.03e-05,1.616e-05,2.901e-05,3.3e-05,4.533e-05,6.263e-05,6.511e-05,7.098e-05,8.617e-05,9.421e-05,0.0001062,0.0001127,0.0001253,0.0001464,,,
mp-1222582,,,3.884e-06,2.183e-05,4.326e-05,,,,,,,,,,,,,,,,,,
mp-1222598,,,,,,,,,,,,,2.616e-06,1.005e-05,2.457e-05,4.207e-05,6.488e-05,,,,,,
mp-1222626,,,,,,,,,,,,,,,,,,,,,,,
mp-1222669,,,,1.002e-05,4.593e-05,,,,,,,,,,,,,,,,,,
mp-1222720,,,,,,,,,4.962e-06,1.979e-05,3.414e-05,5.923e-05,7.99e-05,9.654e-05,0.000115,0.0001419,0.0001607,0.0001888,0.0001926,0.0002287,0.00025,0.0002734,0.000261
mp-1222742,,,,,,,,,,,,,,,,,,2.303e-06,2.433e-05,3.247e-05,,,
mp-1222820,,,,,,,,,,,,,,,,1.747e-06,3.514e-06,,,,,,
mp-1223129,,,,,,,,,,5.463e-06,9.237e-06,1.757e-05,2.853e-05,4.033e-05,5.587e-05,6.388e-05,7.452e-05,8.443e-05,9.258e-05,0.0001077,0.0001159,0.000128,0.0001411
mp-1378,,,,,,,,2.472e-05,,,,,,,,,,,,,,,
mp-14232,,,,,,,,,,,,,,,,,,,,,,,
mp-14399,,,,,,,4.742e-06,5.882e-06,1.774e-05,2.524e-05,3.469e-05,3.618e-05,6.857e-05,7.171e-05,8.699e-05,0.0001153,0.0001556,0.0001756,,0.0001988,0.0002416,0.0002655,
mp-14488,,,,,1.751e-06,6.105e-06,1.325e-05,1.511e-05,2.124e-05,2.944e-05,3.371e-05,3.905e-05,5.153e-05,5.384e-05,,,,,,,,,
mp-16804,,,,,,,,,,,,,,,,,,,,,,,
mp-16872,,,,,,,,,,,,,,,2.304e-06,,,,,,,,
mp-16947,,,,,,,,,,,,,,,,,,9.568e-06,,,2.942e-05,,
mp-17056,,,,,,,,,,,,,4.137e-05,4.588e-05,,,,,,,,,
mp-17125,,,,,,,,,,,,,,,,2.337e-06,8.27e-06,,,,,,
mp-18037,,,,,,,,,,,,,2.759e-06,1.152e-05,,,,,,,,,
mp-20310,,,,2.306e-06,3.39e-05,,,,,,,,,,,,,,,,,,
mp-22538,,,,,,,,,,,,1.946e-06,,,2.87e-05,,,6.523e-05,,,,,
mp-22899,,,,,,,,,1.002e-05,,,,,,,,,,,,,,
mp-22905,,,,,,,,,,,,,,4.414e-06,1.078e-05,5.838e-05,0.0001518,,,,,,
mp-22955,,,,,,,,,,,,,,,,,,,,,,,
mp-22961,,,,,,,,1.229e-05,,,,,,,,,,,,,,,
mp-22994,,,,,,,,2.037e-05,,,,,,,,,,,,,,,
mp-23057,,,,,,,,,,,,,,,,,,,,,,,
mp-23259,,,,,,,,,,,,3.006e-06,1.45e-05,2.536e-05,,,,,,,,,
mp-23364,,,,,,,,,,,,,,,,,,,,,,,
mp-23416,,,,,,,,2.557e-05,,,,,,,,,,,,,,,
mp-23497,,,,8.593e-06,2.901e-05,,,,,,,,,,,,,,,,,,
mp-25929,,,,,,3.977e-06,6.114e-06,2.993e-05,3.85e-05,5.363e-05,5.619e-05,,,,,,,,,,,,
mp-26271,,,,,,,,,,,,1.373e-05,,,,,,,,,,,
mp-26299,,,,,,,8.118e-06,2.543e-05,,,,,,,,,,,,,,,
mp-26377,,,,,,,,,,,,,3.806e-06,1.347e-05,2.095e-05,8.329e-05,9.288e-05,,,,,,
mp-26407,,,,,,,,4.829e-06,,,,,,,,,,,,,,,
mp-2646995,,9.218e-06,,,,,,,,,,,,,,,,,,,,,
mp-26585,,,,,,,,,,,,3.615e-06,,,2.08e-05,,,,,,,,
mp-26649,,,,,,,,5.05e-06,,,,,,,,,,,,,,,
mp-26701,,,,,3.357e-06,1.096e-05,9.967e-06,1.532e-05,2.682e-05,3.233e-05,4.723e-05,,,,,,,,,,,,
mp-26725,,,,,,,,,,,,,2.163e-05,5.465e-05,,,,,,,,,
mp-26855,,,,,,,,,,,,,,,,,,,,,,,
mp-27017,,,,,,,,,,,,,,,,,,,,,,,
mp-27033,,,,,,,,,,1.553e-05,2.863e-05,,,,,,,,,,,,
mp-27069,,,,2.277e-06,4.858e-06,7.862e-06,1.768e-05,2.953e-05,,,,,,,,,,,,,,,
mp-27093,,,,3.401e-06,3.673e-06,1.068e-05,1.333e-05,2.517e-05,3.172e-05,4.474e-05,4.886e-05,,,,,,,,,,,,
mp-27417,,,,,,,,2.91e-06,4.587e-06,6.989e-06,9.988e-06,1.451e-05,1.925e-05,2.087e-05,3.01e-05,4.24e-05,5.019e-05,6.766e-05,6.836e-05,8.345e-05,,,
mp-27453,,,,,,4.284e-06,,,1.394e-05,,,2.973e-05,,,5.337e-05,,,8.696e-05,,,0.0001336,,
mp-27767,,,,,,,,,,2.418e-06,5.605e-06,1.021e-05,1.951e-05,2.974e-05,3.984e-05,5.627e-05,7.045e-05,,,,,,
mp-27968,,,,,,,,,,6.524e-06,1.212e-05,1.772e-05,2.519e-05,3.307e-05,4.835e-05,5.815e-05,7.06e-05,,,,,,
mp-28016,,,,,,,,,,,,,2.61e-06,1.426e-05,1.459e-05,1.718e-05,1.879e-05,2.098e-05,3.458e-05,3.827e-05,,,
mp-28237,,,,,,,,,,,,,,,,,,,,,,,
mp-28243,,,,,,,,,,,,,,,,,,,,,,,
mp-28253,,,,,,,9.067e-06,,,,,,,,,,,,,,,,
mp-28545,,,,,,,,,,,,,,,,,,,,,,,
mp-28548,,,,,,,,,,,,5.614e-06,,,5.776e-05,,,,,,,,
mp-28592,,,,,,,,,,,,,,,,,1.145e-06,3.316e-06,6.582e-06,7.742e-06,1.443e-05,6.192e-05,
mp-28593,,,,,,,,,,,,,,,,,,,,,,,
mp-2878,,,,,,,,,,,,,2.579e-06,4.219e-06,6.975e-06,1.622e-05,4.517e-05,,,,,,
mp-28829,,,,,,,,,,,,,,,,,,,,,,,
mp-29008,,,,,,,,4.583e-06,5.243e-06,1.178e-05,1.767e-05,,,,,,,,,,,,
mp-29009,,,,,,,4.293e-06,8.977e-06,,,,,,,,,,,,,,,
mp-29473,,,,4.038e-06,9.531e-06,,,,,,,,,,,,,,,,,,
mp-30156,,,,,,,,,,,,,,2.857e-06,,,,,,,,,
mp-34326,,,,,,,,5.678e-05,,,,,,,,,,,,,,,
mp-3552,,,,,,,,,,,,,,,,2.495e-06,6.829e-06,1.354e-05,3.267e-05,4.037e-05,5.673e-05,8.567e-05,0.0001274
mp-35822,,,,,,,,2.426e-06,1.083e-05,2.238e-05,3.034e-05,3.884e-05,5.251e-05,5.979e-05,7.34e-05,8.363e-05,9.075e-05,,,,,,
mp-3660,,,,,,,,,,,,,,,8.407e-06,,,2.263e-05,,,,,
mp-37399,,,,,,3.3e-06,5.922e-06,8.37e-06,1.185e-05,1.664e-05,2.083e-05,2.713e-05,3.494e-05,4.41e-05,5.252e-05,6.197e-05,7.659e-05,8.751e-05,0.0001012,0.0001113,0.0001275,0.0001556,0.0001721
mp-37436,,,,,,,,3.171e-06,5.59e-06,9.573e-06,1.116e-05,1.649e-05,2.263e-05,2.788e-05,3.654e-05,4.314e-05,5.471e-05,6.514e-05,7.894e-05,8.699e-05,9.924e-05,0.0001129,0.0001216
mp-38008,,,,,,6.891e-06,1.21e-05,1.694e-05,,,,,,,,,,,,,,,
mp-38684,,,,,,,3.759e-06,6.427e-06,1.141e-05,1.905e-05,3.108e-05,,,,,,,,,,,,
mp-3941,,,,,,,,,,,,,,,,1.939e-05,4.287e-05,,,,,,
mp-41795,,,,,,,,,,,,,,,3.526e-06,5.303e-06,5.655e-06,7.327e-06,9.146e-06,1.223e-05,2.926e-05,3.059e-05,3.225e-05
mp-504948,,,,,,,,,,,,,,,,3.293e-06,,7.54e-06,7.655e-06,1.165e-05,2.583e-05,1.817e-05,1.347e-05
mp-530738,,,,,,3.848e-06,8.13e-06,1.508e-05,,,,,,,,,,,,,,,
mp-5368,,,,,,,,,,,,,6.465e-06,5.408e-06,1.808e-05,3.531e-05,4.841e-05,6.368e-05,7.978e-05,0.0001201,,,
mp-542219,,,,,,,,,,,,,,,,,,,,,,,
mp-552588,,,,,,,,,,,,,,,,,,2.117e-06,2.675e-06,2.807e-06,4.596e-06,4.882e-06,3.045e-06
mp-553950,,,,,,,,,2.301e-06,4.583e-06,6.885e-06,1.465e-05,1.995e-05,2.563e-05,3.141e-05,3.814e-05,5.146e-05,6.358e-05,0.000103,0.000105,,,
mp-553988,,,,,,,,,,,,,,,,,,,,,,,
mp-554577,,,,,,,,3.62e-06,9.976e-06,2.164e-05,3.746e-05,5.386e-05,7.302e-05,8.723e-05,,,,,,,,,
mp-555591,,,,,,,,,,,,,,,,,,,,,,,
mp-555743,,,,,,,,,,4.437e-06,1.013e-05,,,,,,,,,,,,
mp-555899,,,,,,,,,,,,,,1.235e-06,2.848e-06,1.006e-05,1.662e-05,2.576e-05,4.437e-05,5.773e-05,8.832e-05,0.000105,0.0001533
mp-555939,,,,,,,7.59e-06,2.6e-05,,,,,,,,,,,,,,,
mp-556014,,,,,,,,,,,3.057e-06,8.691e-06,1.495e-05,2.812e-05,,,,,,,,,
mp-556020,,,,,,,,,,,,4.712e-06,7.58e-06,1.069e-05,1.467e-05,2.191e-05,2.666e-05,3.474e-05,3.811e-05,7.15e-05,,,
mp-556066,,,,,,,,,,,,,,,,,,,,,,,
mp-556237,,,,,,,,,,,,,2.653e-06,,,,,,,,,,
mp-556472,,,,,,,,,,,,,,,,,,,,,,,
mp-556544,,,,,,,,,,,,,4.905e-06,4.041e-06,1.187e-05,2.102e-05,3.169e-05,4.615e-05,4.566e-05,7.698e-05,8.399e-05,9.665e-05,0.0001187
mp-556783,,,,,,,,,,,3.942e-05,,,,,,,,,,,,
mp-556786,,,,,,,,,,,,,,,,,,,,,,,
mp-556799,,,,,,,,,,,,,2.546e-06,6.37e-06,1.193e-05,2.06e-05,6.495e-05,,,,,,
mp-556886,,,,,,,,,,,,,,,2.541e-06,3.114e-06,1.992e-05,3.059e-05,5.49e-05,0.0001772,,,
mp-557177,,,,,,,,,,,3.501e-06,2.587e-06,2.086e-06,7.477e-06,,,,,,,,,
mp-557189,,,,,,,2.631e-06,6.263e-06,1.13e-05,1.73e-05,2.47e-05,3.889e-05,5.632e-05,6.288e-05,8.627e-05,0.0001173,0.0001212,,,,,,
mp-557328,,,,,,,,,,,,,,,,,,,,3.783e-06,2.726e-06,5.542e-06,1.05e-05
mp-557375,,,,,,,,,,1.59e-05,3.829e-05,,,,,,,,,,,,
mp-557756,,,,,,,,,3.688e-06,1.012e-05,1.895e-05,,,,,,,,,,,,
mp-557962,,,,,,,1.51e-05,4.269e-05,,,,,,,,,,,,,,,
mp-557964,,,,,5.702e-06,1e-05,1.451e-05,2.272e-05,3.158e-05,4.209e-05,5.026e-05,6.17e-05,6.986e-05,8.339e-05,9.444e-05,0.0001065,0.0001179,,,,,,
mp-558713,,,,,,3.998e-06,7.662e-06,1.117e-05,1.896e-05,2.293e-05,4.872e-05,,5.773e-05,9.252e-05,7.285e-05,0.0001499,0.0001305,0.0001638,0.0001801,0.0001893,0.0002361,0.0002481,0.0002711
mp-558728,,,,,,,,,,,,,,,,,,,,,,,
mp-559070,,,,,,,,,,,,3.952e-06,7.433e-06,2.032e-05,,,,,,,,,
mp-559554,,,,,,,1.636e-06,4.784e-05,,,,,,,,,,,,,,,
mp-559598,,,,,,,,,,,,,,,,,,,,,,,
mp-559612,,,,,,,,,,,,,,,,,3.174e-05,,,,,,
mp-559689,,,,,,,,,,,,4.701e-06,6.709e-06,4.713e-06,1.786e-05,2.932e-05,3.231e-05,5.181e-05,6.27e-05,6.587e-05,8.327e-05,0.0001038,0.000108
mp-559708,,,,,,,,,,,2.462e-06,1.236e-05,6.22e-05,7.832e-05,,,,,,,,,
mp-559715,,,,,,,,,,,,,,1.112e-05,,,,,,,,,
mp-559766,,,,,,,,,,,,,,,,,,,,,,,
mp-559767,,,,,,,,,,,,,,4.16e-05,,,,,,,,,
mp-559848,,,,,,,,,3.362e-06,9.7e-06,2.018e-05,2.782e-05,4.3e-05,5.469e-05,6.357e-05,7.953e-05,8.927e-05,9.627e-05,0.0001113,0.000119,,,
mp-560614,,,,,,,,,,,,,,,,,,,,,,,
mp-560890,,,,,,,,,2.358e-06,3.262e-06,8.368e-06,9.952e-06,1.465e-05,2.176e-05,,,,,,,,,
mp-561310,,,,,,,,,,,,,,,,,,,,,,,
mp-561336,,,,,,,,,,,,,,,,,,,8.13e-06,7.238e-06,1.345e-05,1.121e-05,2.597e-05
mp-567658,,,,,,,,,,,,2.747e-06,3.722e-06,1.008e-05,,,,,,,,,
mp-568273,,,,,,,1.714e-06,6.151e-06,2.095e-05,4.548e-05,0.0001111,,,,,,,,,,,,
mp-568365,,,,,,,,,,,,,,,,,,,,,,,
mp-569055,,,,,3.623e-05,,,,,,,,,,,,,,,,,,
mp-569085,,,,,,,,,,,3.161e-06,,,,,,,,,,,,
mp-569117,,,,,,,,,,,,,6.541e-05,9.213e-05,,,,,,,,,
mp-569238,,,,8.412e-06,3.583e-05,,,,,,,,,,,,,,,,,,
mp-570756,,,,,,,,,,,6.248e-06,,,,,,,,,,,,
mp-571390,,,,,,,,,,,,,,,,,,,,,,,
mp-571409,,,,,,,4.833e-06,4.818e-05,,,,,,,,,,,,,,,
mp-571666,,,,,,,,3.539e-06,9.563e-06,5.621e-05,5.128e-05,,,,,,,,,,,,
mp-585408,,,,,,3.082e-06,1.681e-05,2.052e-05,,,,,,,,,,,,,,,
mp-5914,,,,,,,3.198e-06,5.663e-06,9.065e-06,1.544e-05,2.059e-05,2.784e-05,3.559e-05,3.905e-05,,,,,,,,,
mp-606680,,,,,,,,,,7.519e-05,9.254e-05,,,,,,,,,,,,
mp-608311,,,,,1.02e-05,,,,,,,,,,,,,,,,,,
mp-6097,,,,,,,,,,,2.821e-06,4.235e-06,9.142e-06,1.37e-05,1.979e-05,3.261e-05,4.658e-05,,,,,,
mp-6146,,,,,,,,,,,,,6.033e-06,8.759e-06,,,,,,,,,
mp-6175,,,,,,,,,,,,,,,4.337e-06,6.909e-07,5.016e-06,,,,,,
mp-6179,,,,,,,,,,,2.823e-06,,,,,,,,,,,,
mp-6318,,,,,,,,,,,,,,,,,,,,,,,
mp-6326,,,,,,,5.133e-06,9.107e-06,2.169e-05,1.143e-05,7.523e-06,4.65e-05,6.549e-05,,8.728e-05,0.00012,0.0001286,0.0001447,0.0001718,0.0002106,0.0002173,0.000236,0.0002421
mp-6327,,,,,,1.852e-06,3.125e-06,6.254e-06,1.139e-05,2.134e-05,3.118e-05,3.402e-05,4.951e-05,8.51e-05,9.847e-05,0.0001286,0.0001657,0.000156,0.0002016,0.000214,0.0002389,0.0002534,0.0002881
mp-641703,,9.618e-06,,,,,,,,,,,,,,,,,,,,,
mp-652479,,,,,,,,,,3.92e-06,2.068e-05,,,,,,,,,,,,
mp-6597,,,,,,,,,,,,,,,,,,,,,,,
mp-673071,,,,,,,,,6.92e-06,1.094e-05,1.189e-05,2.29e-05,1.493e-05,4.796e-05,,,,,,,,,
mp-673092,,,,,,,,,,1.058e-05,9.845e-06,1.78e-05,2.803e-05,3.677e-05,,,,,,,,,
mp-674361,,,,,,,,,,,,,,,,,,,3.202e-06,3.054e-06,5.266e-06,3.989e-06,6.437e-06
mp-675069,,,,,,,,,,,,,,,,,,,,2.239e-06,2.88e-06,,2.351e-06
mp-675488,,,,,,,,,,,,,,,,,,,,,,,
mp-676650,,,,,,,,,,1.213e-06,1.86e-05,,,,,,,,,,,,
mp-676694,,,,,,,,,,,,,,,,,,2.587e-06,,4.109e-06,5.703e-06,7.241e-06,1.756e-05
mp-6782,,,,,,,,,,,,,,,,,,,,,,,
mp-6783,,,,,,,,,,,,,,,,,,,,,,,
mp-684028,,,,,,,,,,,,2.811e-06,7.967e-06,1.014e-05,1.884e-05,2.318e-05,2.492e-05,,,,,,
mp-684042,,,,,,5.51e-06,,,,,,,,,,,,,,,,,
mp-684470,,,,,,,1.229e-06,1.303e-05,,,,,,,,,,,,,,,
mp-684504,,,,,6.52e-06,1.159e-05,2.103e-05,3.117e-05,,,,,,,,,,,,,,,
mp-686004,,,,,,6.01e-06,9.432e-06,1.801e-05,2.95e-05,4.103e-05,5.56e-05,,,,,,,,,,,,
mp-686041,,,,,,,,,,,,,,,,,,,,1.376e-06,5.22e-06,2.691e-05,6.709e-06
mp-686057,,,,,,,,,,,,,,,,,,,,,2.635e-06,,
mp-696123,,3.584e-06,1.144e-05,2.767e-05,4.466e-05,,,,,,,,,,,,,,,,,,
mp-696128,,5.563e-06,1.205e-05,2.688e-05,5.15e-05,,,,,,,,,,,,,,,,,,
mp-696129,1.675e-06,5.589e-06,1.502e-05,2.666e-05,4.641e-05,6.581e-05,0.0001015,0.0001337,,,,,,,,,,,,,,,
mp-696138,,3.603e-06,1.389e-05,3.048e-05,5.286e-05,,,,,,,,,,,,,,,,,,
mp-720509,,2.271e-06,1.412e-05,3.084e-05,5.185e-05,7.207e-05,0.0001137,0.0001435,,,,,,,,,,,,,,,
mp-721236,,,1.119e-05,2.458e-05,5.033e-05,,,,,,,,,,,,,,,,,,
mp-722181,,,,,,,,,,,,,,,,,,,,,,,
mp-752501,,,,,,,,,,,,,,,,,,,,,,,
mp-753327,,,,,,,,,,,,,,,,5.577e-06,2.82e-05,,,,,,
mp-7535,,,,,,,,,,4.352e-06,7.59e-06,1.252e-05,1.993e-05,2.669e-05,3.582e-05,4.478e-05,5.511e-05,6.506e-05,7.597e-05,9.322e-05,,,
mp-753677,,,3.869e-06,1.424e-05,3.43e-05,,,,,,,,,,,,,,,,,,
mp-753720,,,2.313e-06,1.222e-05,4.193e-05,,,,,,,,,,,,,,,,,,
mp-753769,,,,,,,,,,,,,,,,,,,,,,,
mp-753783,,,,,,,2.469e-06,5.393e-06,8.725e-06,1.199e-05,1.932e-05,,,,,,,,,,,,
mp-754751,,,,,,,,,,,,,,,,,,,2.507e-06,2.749e-06,3.219e-06,6.111e-06,8.872e-06
mp-755139,,,,,,,,,,,,,,,,,,,,,,,
mp-755225,,,,,,,,,,,,,,3.149e-06,9.626e-06,1.992e-05,2.83e-05,4.329e-05,5.659e-05,6.69e-05,8.108e-05,9.95e-05,0.0001086
mp-755289,,,,,,,,,,,,,5.946e-06,8.213e-06,1.088e-05,1.434e-05,1.673e-05,1.952e-05,2.857e-05,3.434e-05,3.779e-05,4.577e-05,5.317e-05
mp-755309,,,,3.212e-05,7.574e-05,,,,,,,,,,,,,,,,,,
mp-755463,,,,,,,,,,,,,,,,,,,,,,,
mp-755505,,,,,,,,,,,,6.166e-06,4.309e-06,1.074e-05,1.525e-05,2.358e-05,4.449e-05,,,,,,
mp-756344,,,,,,,,,,,,,1.496e-05,6.492e-05,7.65e-05,8.084e-05,0.0001042,,,,,,
mp-756544,,,,,,,,,,,,4.253e-06,3.822e-06,2.63e-05,,,,,,,,,
mp-756639,,,,,,,,,,,,4.328e-06,7.136e-06,1.314e-05,1.866e-05,2.399e-05,3.066e-05,,,,,,
mp-756718,,,,,,,,1.596e-05,,,,,,,,,,,,,,,
mp-756793,,,,,,,,,,,,,,,,,,,2.818e-06,3.298e-06,,,
mp-756912,,,,,,,,,,,2.004e-06,6.031e-06,8.612e-06,1.534e-05,,,,,,,,,
mp-756935,,,,,,,,,,,,,,,2.691e-06,8.413e-05,0.0001062,,,,,,
mp-756951,,,,,,,5.732e-06,6.381e-06,,,,,,,,,,,,,,,
mp-757038,,,,,,,,,,,,,,,,,,,,,,,
mp-757874,,,,,,,,,,,,,,,,,,,,,,,
mp-757890,,,,,,,,,,,,,,,,,,,,,,,
mp-758115,,,,,,,,,9.535e-06,2.436e-05,3.307e-05,,,,,,,,,,,,
mp-758855,,,,,,,,,,,,1.409e-06,4.579e-06,3.696e-06,,,,,,,,,
mp-759244,,,,,,,,,,,,,,,,,,,,,5.411e-06,2.808e-06,8.502e-06
mp-759322,,,,,,,,,,,,,,,,,,,2.033e-06,3.098e-06,,,
mp-7593,,,,,,,,,,,,,,,,,,,,,,,
mp-760415,,,,,,,,,,,,,,,,,,,,,,,
mp-760701,,,,4.561e-06,5.619e-06,9.572e-06,1.715e-05,,5.949e-05,4.173e-05,4.854e-05,5.664e-05,6.583e-05,7.001e-05,,,,,,,,,
mp-761869,,,,,,,,,,,,,,,,,,,,,,,
mp-765573,,,,,,,,,,,,,2.946e-06,5.285e-06,5.789e-06,8.478e-06,8.881e-06,1.208e-05,1.469e-05,2.124e-05,1.74e-05,2.327e-05,8.307e-05
mp-766103,,,,,,,,,,,,,,,,,,,,,,,
mp-766176,,,,,,,,,,,,,,2.445e-06,,,,,,,,,
mp-767214,,,,,,,,,1.892e-05,,,4.667e-05,,,,,,9.437e-05,,,,,
mp-767341,,,,,2.385e-06,7.389e-06,1.298e-05,1.81e-05,1.836e-05,2.406e-05,3.243e-05,4.704e-05,5.176e-05,6.736e-05,,,,,,,,,
mp-767604,,,,,,,,,,,,,,,,,,,,2.7e-06,,,
mp-768190,,,,,,,,,,,,,,5.173e-06,2.75e-06,3.368e-05,4.634e-05,,,,,,
mp-768216,,,,,,9.315e-06,1.517e-05,2.592e-05,,,,,,,,,,,,,,,
mp-768715,,,,,,,,1.902e-06,1.008e-05,8.714e-06,1.744e-05,,,,,,,,,,,,
mp-768738,,,,,2.614e-06,5.019e-06,1.006e-05,1.827e-05,,,,,,,,,,,,,,,
mp-768755,,,,5.78e-06,9.409e-06,,,,,,,,,,,,,,,,,,
mp-768771,,,,,,,,,4.997e-06,9.906e-06,2.652e-05,,,,,,,,,,,,
mp-768789,,,,,,,,1.391e-05,,,,,,,,,,,,,,,
mp-768795,,,,,,,,,,,,,,2.101e-05,,,,,,,,,
mp-768798,,,,,,,,,,,,,3.903e-06,3.781e-06,4.968e-06,7.562e-06,4.474e-05,,,,,,
mp-768884,,,,,,,,,,3.342e-06,2.814e-05,,,,,,,,,,,,
mp-768947,,,,,,,1.935e-06,3.652e-06,5.464e-06,8.107e-06,9.336e-06,1.443e-05,1.536e-05,2.207e-05,,,,,,,,,
mp-768960,,,,,,,,,,,1.944e-06,4.358e-06,1.892e-05,3.544e-05,,,,,,,,,
mp-769040,,,,,,,,,,,,,,,,,,,,,,,
mp-770280,,,,,,,,,1.455e-05,,,,,,,,,,,,,,
mp-770402,,,,,,,9.081e-06,1.829e-05,,,,,,,,,,,,,,,
mp-770649,,,,,,,,,,,,,,,,,,5.615e-06,,,,,
mp-770799,,,,,,,,,,,6.905e-06,,,,,,,,,,,,
mp-770932,,,,,,,,,,,,2.042e-06,,1.749e-06,3.191e-06,8.543e-06,7.819e-06,1.26e-05,2.321e-05,3.435e-05,,,
mp-772073,,,,2.133e-06,1.206e-05,1.106e-05,9.575e-06,1.975e-05,3.45e-05,3.325e-05,3.693e-05,4.667e-05,5.322e-05,5.108e-05,,,,,,,,,
mp-772750,,,,,,,,,,,,2.37e-06,4.052e-06,1.458e-05,,,,,,,,,
mp-772753,,,,,,,,,,2.33e-06,2.181e-06,,,,,,,,,,,,
mp-774742,,,,,5.881e-06,7.444e-06,1.486e-05,2.529e-05,3.925e-05,4.14e-05,6.775e-05,7.994e-05,8.617e-05,0.0001039,0.0001185,0.0001216,0.000134,0.0001375,0.0001523,0.0001607,,,
mp-774753,,,,,,,,,,,2.165e-06,1.299e-05,2.338e-05,4.027e-05,5.143e-05,6.317e-05,8.049e-05,9.449e-05,0.0001313,0.0001473,,,
mp-775806,,2.025e-06,,,,,,,,,,,,,,,,,,,,,
mp-776108,,,,,,,,,,,,,,,,,,,,,3.645e-06,2.67e-06,4.875e-06
mp-777931,,,,,6.707e-06,,,,,,,,,,,,,,,,,,
mp-778877,,,,,,,,,,,,,,,,,,,,,,,
mp-780259,,,,,,,,,,,2.781e-05,,,,,,,,,,,,
mp-780333,,,,5.128e-06,5.749e-06,1.542e-05,2.285e-05,3.355e-05,5.188e-05,6.054e-05,7.087e-05,,,,,,,,,,,,
mp-781789,,,,,,,2.423e-06,1.528e-05,2.103e-05,3.022e-05,4.851e-05,6.365e-05,7.605e-05,8.691e-05,0.0001111,0.0001178,0.0001475,,,,,,
mp-782065,,,,,,,,,6.784e-06,4.308e-05,5.245e-05,,,,,,,,,,,,
mp-7998,,,,,,,,,,,1.456e-06,3.575e-06,1.033e-05,3.534e-05,,,,,,,,,
mp-8001,,,,,,,,,,,,,,,,,,,,,,,
mp-865750,,,,,,,,3.068e-05,,,,,,,,,,,,,,,
mp-8870,,,,,,,,,,,,,,,,,5.293e-06,1.19e-05,1.17e-05,3.238e-05,,,
mp-8874,,,,,,,,,,,,,1.621e-06,3.354e-06,3.647e-06,1.074e-05,1.031e-05,1.609e-05,2.276e-05,3.343e-05,5.889e-05,6.631e-05,0.0001165
mp-8926,,,,,,,,,,,,1.966e-06,4.624e-06,1.128e-05,1.964e-05,3.18e-05,9.395e-05,,,,,,
mp-9018,,,,,,,,,,,,,,,,,,,,,,,
mp-950995,,,,,,1.122e-05,,,,,,,,,,,,,,,,,
mp-966801,,,,,,,,,,,,,,,,,,,,,,,
mp-966802,,,,,,,,,,,,,,,,6.386e-05,8.357e-05,,,,,,
mp-985582,,,,6.423e-06,,1.555e-05,8.851e-05,0.0001198,,,,,,,,,,,,,,,
mp-985585,,,,,,,,,,,,,,,,,,3.103e-06,6.707e-06,1.105e-05,1.941e-05,2.683e-05,3.601e-05
mp-998230,,,,,,,,,,,,,,,,,,,,,,,
mp-998591,,,,,2.287e-05,,,,,,,,,,,,,,,,,,
